,Peptides,Sequences,Smiles,Pubchem_CID,residue,IC50 (Î¼mol/L),predict,Credibility
0,Pep2,R-G-D-X183-V,CC(C)[C@H](NC(=O)[C@@H](Cc1ccccc1)NC(=O)[C@H](CC(=O)O)NC(=O)CNC(=O)[C@@H](N)CCCNC(=N)N)C(=O)O,,,,0.28177914,0.21739130434782608
1,Pep3,R-G-D-X71-V,CC(C)[C@H](NC(=O)[C@@H](Cc1ccccc1)N(C)C(=O)[C@H](CC(=O)O)NC(=O)CNC(=O)[C@@H](N)CCCNC(=N)N)C(=O)O,176873.0,N-methyl-d-phenylalanine,,0.27007917,0.1857707509881423
2,Pep4,R-G-D-X183-K,N=C(N)NCCC[C@H](N)C(=O)NCC(=O)N[C@@H](CC(=O)O)C(=O)N[C@H](Cc1ccccc1)C(=O)NCCCC[C@H](N)C(=O)O,,,,1.3638636,0.17391304347826086
3,Pep5,R-G-D-X718-K,N=C(N)NCCC[C@H](N)C(=O)NCC(=O)N[C@@H](CC(=O)O)C(=O)N[C@H](Cc1ccc(O)cc1)C(=O)NCCCC[C@H](N)C(=O)O,,,,1.4658402,0.17786561264822134
4,Pep6,R-G-D-X183-C,N=C(N)NCCC[C@H](N)C(=O)NCC(=O)N[C@@H](CC(=O)O)C(=O)N[C@H](Cc1ccccc1)C(=O)N[C@@H](CS)C(=O)O,,,,0.34134558,0.16205533596837945
5,Pep8,R-W-X501,N=C(N)NCCC[C@H](N)C(=O)N[C@@H](Cc1c[nH]c2ccccc12)C(=O)N=C(N)NCCC[C@@H](N)C(=O)O,,,,1.610603,0.15019762845849802
6,Pep9,R-W-X501-N-M,CSCC[C@H](NC(=O)[C@H](CCC(N)=O)NC(=O)[C@H](N)CCCNC(N)=NC(=O)[C@H](Cc1c[nH]c2ccccc12)NC(=O)[C@@H](N)CCCNC(=N)N)C(=O)O,,,,1.6518333,0.16205533596837945
7,Pep10,X166-R-G-D,CC[C@@H](C)[C@@H](N)C(=O)N[C@@H](CCCNC(=N)N)C(=O)NCC(=O)N[C@@H](CC(=O)O)C(=O)O,,,,0.09512012,0.15810276679841898
8,Pep11,R-W-X501-N-K,N=C(N)NCCC[C@H](N)C(=O)N[C@@H](Cc1c[nH]c2ccccc12)C(=O)N=C(N)NCCC[C@@H](N)C(=O)N[C@@H](CCC(N)=O)C(=O)NCCCC[C@H](N)C(=O)O,,,,1.6006001,0.16600790513833993
9,Pep12,G-R-G-X674-T-P,C[C@@H](O)[C@H](NC(=O)[C@H](CS(=O)(=O)O)NC(=O)CNC(=O)[C@H](CCCNC(=N)N)NC(=O)CN)C(=O)N1CCC[C@H]1C(=O)O,130476723.0,cysteic acid,,0.4196945,0.2015810276679842
10,Pep13,R-G-D-K-X113-L-P-E-T,CC(C)C[C@H](NC(=O)[C@@H](CS)NC(=O)[C@@H](N)CCCCNC(=O)[C@H](CC(=O)O)NC(=O)CNC(=O)[C@@H](N)CCCNC(=N)N)C(=O)N1CCC[C@H]1C(=O)N[C@@H](CCC(=O)O)C(=O)N[C@H](C(=O)O)[C@@H](C)O,,,,0.07142776,0.30039525691699603
11,Pep14,X113-G-R-G-D-X1800-X523-X113,CC(C)C(NC(=O)[C@@H](CC(=O)O)NC(=O)[C@H](CC(=O)O)NC(=O)CNC(=O)[C@@H](N)CCCNC(N)=NC(=O)CNC(=O)[C@H](N)CS)C(=O)N[C@H](CS)C(=O)O,,,0.46,-0.009524399,0.06324110671936758
12,Pep15,X113-G-R-G-D-X1800-X260-X113,NC(=NC(=O)CNC(=O)[C@H](N)CS)NCCC[C@H](N)C(=O)NCC(=O)N[C@@H](CC(=O)O)C(=O)N[C@H](CC(=O)O)C(=O)N[C@H](Cc1cccc2ccccc12)C(=O)N[C@H](CS)C(=O)O,,3-(1-naphthyl)-D-alanine,0.07,0.02553486,0.07114624505928854
13,Pep16,X113-G-R-G-D-X1800-X77-X113,CC[C@H](NC(=O)[C@@H](CC(=O)O)NC(=O)[C@H](CC(=O)O)NC(=O)CNC(=O)[C@@H](N)CCCNC(N)=NC(=O)CNC(=O)[C@H](N)CS)C(=O)N[C@H](CS)C(=O)O,,L-2-Aminobutyric acid,0.64,-0.007320514,0.07509881422924901
14,Pep17,X113-G-X109-G-D-X1800-X523-X113,CC(C)C(NC(=O)[C@@H](CC(=O)O)NC(=O)[C@H](CC(=O)O)NC(=O)CNC(=O)[C@H](CCCN=C(N)N)N(C)C(=O)CNC(=O)[C@H](N)CS)C(=O)N[C@H](CS)C(=O)O,,,0.63,-0.0066763815,0.003952569169960474
15,Pep18,G-G-R-G-D-K-X113,NCC(=O)NCC(=O)N=C(N)NCCC[C@H](N)C(=O)NCC(=O)N[C@@H](CC(=O)O)C(=O)NCCCC[C@H](N)C(=O)N[C@H](CS)C(=O)O,,,,0.33228728,0.11857707509881422
16,Neg1,A-D-X23-F,C[C@H](N)C(=O)N[C@@H](CC(=O)O)C(=O)N[C@H](C(=O)N[C@@H](Cc1ccccc1)C(=O)O)[C@@H](C)OP(=O)(O)O,,,,-0.040173803,0.1225296442687747
17,Neg2,G-H-I,CC[C@H](C)[C@H](NC(=O)[C@H](Cc1c[nH]cn1)NC(=O)CN)C(=O)O,,,,-0.016654992,0.18972332015810275
18,Neg3,K-L-M-N-X45,CSCC[C@H](NC(=O)[C@H](CC(C)C)NC(=O)[C@@H](N)CCCCN)C(=O)NC(=O)CC[C@H](N)C(=O)N[C@@H](CCC(C)C)C(=O)O,,,,0.1511638,0.09881422924901186
19,Neg4,X355-Q-R-X20-T,C[C@@H](O)[C@H](NC(=O)[C@@H](CCCCN)NC(=O)[C@@H](N)CCCNC(N)=NC(=O)[C@H](CC(N)=O)NC(=O)[C@@H](N)Cc1cn(Cc2ccccc2)c[n+]1C)C(=O)O,,,,1.5854422,0.09881422924901186
20,Neg5,V-W-Y-X101,CC(C)[C@H](N)C(=O)N[C@@H](Cc1c[nH]c2ccccc12)C(=O)N[C@@H](Cc1ccc(O)cc1)C(=O)N[C@@H](Cc1ccccc1)[C@@H](O)[C@@H](NCc1ccccc1)C(=O)O,,,,-0.03894634,0.16205533596837945
21,Neg6,X202-C-D-E-F,CC[C@H](C)[C@H](NC(=O)C[C@H](N)[C@@H](N)Cc1ccccc1)C(=O)N[C@@H](CS)C(=O)N[C@@H](CC(=O)O)C(=O)N[C@@H](CCC(=O)O)C(=O)N[C@@H](Cc1ccccc1)C(=O)O,,,,-0.03387556,0.15019762845849802
22,Neg7,G-H-I-K-X50,CC[C@H](C)[C@H](NC(=O)[C@H](Cc1c[nH]cn1)NC(=O)CN)C(=O)NCCCC[C@H](N)C(=O)N[C@H](CO)C(=O)O,,,,0.2926459,0.2134387351778656
23,Neg8,M-N-P-Q-R-S,CSCC[C@H](N)C(=O)N[C@@H](CCC(N)=O)C(=O)N1CCC[C@H]1C(=O)NC(=O)C[C@H](N)C(=O)N[C@@H](CCCNC(=N)N)C(=O)N[C@@H](CO)C(=O)O,,,,0.40746853,0.20553359683794467
24,Neg9,T-V-W-Y-X113-C,CC(C)[C@H](NC(=O)[C@@H](N)[C@@H](C)O)C(=O)N[C@@H](Cc1c[nH]c2ccccc12)C(=O)N[C@@H](Cc1ccc(O)cc1)C(=O)N[C@H](CS)C(=O)N[C@@H](CS)C(=O)O,,,,0.052401874,0.19367588932806323
25,Neg10,X1007-E-F-G-H-I,C=Cc1cc([C@H](N)C(=O)N[C@@H](CCC(=O)O)C(=O)N[C@@H](Cc2ccccc2)C(=O)NCC(=O)N[C@@H](Cc2c[nH]cn2)C(=O)N[C@H](C(=O)O)[C@@H](C)CC)ccc1Oc1cc(OC)nc(-c2ccccc2)n1,,,,-0.053035032,0.12648221343873517
26,Neg11,K-L-M-N-P-X303,CSCC[C@H](NC(=O)[C@H](CC(C)C)NC(=O)[C@@H](N)CCCCN)C(=O)NC(=O)CC[C@H](N)C(=O)N1CCC[C@H]1C(=O)NC(CC(F)F)C(=O)O,,,,0.10640028,0.1383399209486166
27,Neg12,Q-R-S-T-V-X2005,CC(C)[C@H](NC(=O)[C@@H](NC(=O)[C@H](CO)NC(=O)[C@H](CCCNC(=N)N)NC(=O)[C@@H](N)CC(N)=O)[C@@H](C)O)C(=O)N[C@@H](Cc1ccc(OCc2ccc([N+](=O)[O-])cc2)cc1)C(=O)O,,,,1.595599,0.17786561264822134
28,Neg13,X1527-A-C-D-E,C[C@H](NC(=O)[C@@H](N)Cc1ccc(C(=O)O)cc1)C(=O)N[C@@H](CS)C(=O)N[C@@H](CC(=O)O)C(=O)N[C@@H](CCC(=O)O)C(=O)O,,,,-0.021539846,0.12648221343873517
29,Neg14,F-G-H-I-K-X404,CC[C@H](C)[C@H](NC(=O)[C@H](Cc1c[nH]cn1)NC(=O)CNC(=O)[C@@H](N)Cc1ccccc1)C(=O)NCCCC[C@H](N)C(=O)N(C(=O)OCc1ccccc1)[C@@H](CCC(=O)O)C(=O)O,,,,-0.0015076043,0.2015810276679842
30,Neg15,L-M-N-X3009-Q-R,CSCC[C@H](NC(=O)[C@@H](N)CC(C)C)C(=O)NC(=O)CC[C@H](N)C(=O)N(CC(=O)NC(=O)C[C@H](N)C(=O)N[C@@H](CCCNC(=N)N)C(=O)O)C(=O)c1ccc(CCl)cc1,,,,0.43931594,0.06324110671936758
31,Neg16,X4187-T-V-W-Y-A,CN[C@@H](CCc1ccccc1)C(=O)N[C@H](C(=O)N[C@H](C(=O)N[C@@H](Cc1c[nH]c2ccccc12)C(=O)N[C@@H](Cc1ccc(O)cc1)C(=O)N[C@@H](C)C(=O)O)C(C)C)[C@@H](C)O,,,,-0.01018822,0.2134387351778656
32,Neg17,X505-C-D-E-F-G,C=CCCC[C@H](N)C(=O)N[C@@H](CS)C(=O)N[C@@H](CC(=O)O)C(=O)N[C@@H](CCC(=O)O)C(=O)N[C@@H](Cc1ccccc1)C(=O)NCC(=O)O,,,,-0.00028357818,0.13043478260869565
33,Neg18,X5178-I-K-L-M-N-X606,CC[C@H](C)[C@H](NC(=O)C(CCCN=C(N)N)NC(C)=O)C(=O)NCCCC[C@H](N)C(=O)N[C@@H](CC(C)C)C(=O)N[C@@H](CCSC)C(=O)NC(=O)CC[C@H](N)C(=O)N(C(=O)OC(C)(C)C)C(CC(C)C)C(=O)O,,,,0.90286595,-0.007905138339920948
34,Neg19,P-Q-R-S-T-V,CC(C)[C@H](NC(=O)[C@@H](NC(=O)[C@H](CO)NC(=O)[C@@H](N)CCCNC(N)=NC(=O)[C@H](CC(N)=O)NC(=O)[C@@H]1CCCN1)[C@@H](C)O)C(=O)O,,,,0.20493565,0.21739130434782608
35,Neg20,W-Y-A-C-D-X707,CC(C)C[C@H](NC(=O)[C@H](CC(=O)O)NC(=O)[C@H](CS)NC(=O)[C@H](C)NC(=O)[C@H](Cc1ccc(O)cc1)NC(=O)[C@@H](N)Cc1c[nH]c2ccccc12)[C@@H](O)C[C@@H](C)C(=O)N[C@@H](C)C(=O)O,,,,-0.03851925,0.1857707509881423
36,Neg21,X102-X505-X602-X910-X1176-X707,C=CCCC[C@H](NC(=O)C(N)Cc1c[nH]c2ccccc12)C(=O)N(Cc1cccs1)C(C(=O)N(Cc1ccco1)C(C(=O)N(CCCC[C@H](N)C(=O)N[C@@H](CC(C)C)[C@@H](O)C[C@@H](C)C(=O)N[C@@H](C)C(=O)O)C(=O)CCN(C)c1ccc(/N=N/c2ccc([N+](=O)[O-])cc2)cc1)c1cccs1)c1ccco1,,,,0.9948376,-0.1541501976284585
37,Neg22,X5672-X473-X298-X2983-X707,CC(C)C[C@H](NC(=O)C1(N(C(=O)CCc2ccc(CP(=O)(O)O)cc2)C(=O)[C@@H](N)CCCNC(=NC(=O)[C@@H]2CCCCNC(=O)OCCC[C@H](C(O)=NO)[C@@H](CC(C)C)C(=O)N2C(=O)C2(NC(=O)c3ccc(-n4cccc4)cc3)CCCC2)N(C)C)CCCCC1)[C@@H](O)C[C@@H](C)C(=O)N[C@@H](C)C(=O)O,,,,-0.0063303728,-0.21739130434782608
38,Neg23,X238-X589-X2133-X3467,Cc1cc(C(=O)N(C(=O)[C@H](Cc2ccc(OCc3ccccc3)cc2)NC(=O)C(Cc2cc(C)c(O)c(C)c2)NC(=O)[C@@H](N)CC2CCCCC2)[C@H](C(=O)O)C(C)C)ccc1N,,,,-0.021283051,-0.05533596837944664
39,Neg24,X126-X23-X3984-X457-X209-X28,CCCCCCN(CC(=O)N(C(=O)OC(C)(C)C)C(C(=O)O)C(C)(C)C)C(=O)CN(C(=O)[C@H](C(C)C)N(C(=O)[C@@H](NC(=O)[C@H](Cc1c[nH]cn1)NC(=O)OCc1ccccc1)[C@@H](C)OP(=O)(O)O)C(=O)[C@@H](CO)OC)c1ccc(OC)cc1,,,,0.028592987,-0.11462450592885376
40,Neg25,X437-X6587-X9132-X2,CC(C)(C(=O)O)N(C(=O)CN(C(=O)CNS(=O)(=O)c1ccc2ccccc2c1)[C@@H](CC(=O)O)C(=O)N1Cc2ccccc2CC1C(=O)O)c1ccc(Cl)cc1,,,,-0.055980068,-0.13043478260869565
41,Neg26,X12-A-K-E,C[C@H](NC(=O)[C@@H]1CCC(=O)N1)C(=O)NCCCC[C@H](N)C(=O)N[C@@H](CCC(=O)O)C(=O)O,,,,-0.012218846,0.1383399209486166
42,Neg27,R-X45-D,CC(C)CC[C@H](NC(=O)[C@@H](N)CCCNC(=N)N)C(=O)N[C@@H](CC(=O)O)C(=O)O,,,,0.13177909,0.1541501976284585
43,Neg28,G-X8-P-W,C[C@@H](C(=O)N1CCC[C@H]1C(=O)N[C@@H](Cc1c[nH]c2ccccc12)C(=O)O)N(C)C(=O)CN,,,,-0.010465128,0.17786561264822134
44,Neg29,X1000-S-T,C[C@@H](O)[C@H](NC(=O)[C@H](CO)NC(=O)[C@@H](N)Cc1cn(Cc2ccccc2)cn1)C(=O)O,,,,-0.01266711,0.1383399209486166
45,Neg30,H-X22-E-L,CCCCCCCC(NC(=O)[C@@H](N)Cc1c[nH]cn1)C(=O)N[C@@H](CCC(=O)O)C(=O)N[C@@H](CC(C)C)C(=O)O,,,,-0.00044631562,0.17391304347826086
46,Neg31,X732-D-X15,C[C@H](O)[C@H](NC(=O)[C@H](CC(=O)O)NC(=O)[C@H](CC(=O)O)NC(=O)CS)C(=O)O,,,,-0.0049427357,0.07509881422924901
47,Neg32,N-K-X909,CC(C)C(=O)N(C(=O)[C@H](CCCCN)NC(=O)[C@@H](N)CCC(N)=O)[C@H](C(=O)O)C(C)C,,,,0.09865248,0.08695652173913043
48,Neg33,S-X5-F-R,C=C[C@@H]1C[C@]1(NC(=O)[C@@H](N)CO)C(=O)N[C@@H](Cc1ccccc1)C(=O)N=C(N)NCCC[C@H](N)C(=O)O,,,,0.95970935,0.043478260869565216
49,Neg34,X3300-A-X71,C[C@H](NC(=O)[C@H](Cc1ccc(Cl)cc1)NC(=O)Nc1ccc2c(CN3CCCC3)cn(Cc3c(Cl)cccc3Cl)c2c1)C(=O)N(C)[C@H](Cc1ccccc1)C(=O)O,,,,0.12483773,-0.04743083003952569
50,Neg35,D-E-X120,CN(C)c1cccc2c(S(=O)(=O)N(CC(=O)O)C(=O)[C@H](CCC(=O)O)NC(=O)[C@@H](N)CC(=O)O)cccc12,,,,-0.0022400205,0.03162055335968379
51,Neg36,X4-G-X88-P,CC(=O)NCC(=O)NCC(=O)NC(C(=O)N1CCC[C@H]1C(=O)O)C(c1ccccc1)c1ccccc1,,,,-0.049705047,0.10276679841897234
52,Neg37,L-X600-K-S,CC(C)C[C@H](N)C(=O)N(c1ccc(F)cc1)C(C(=O)NCCCC[C@H](N)C(=O)N[C@@H](CO)C(=O)O)c1cccnc1,,,,1.1187233,0.04743083003952569
53,Neg38,M-X256-D-F-L,CSCC[C@H](N)C(=O)NC(C(=O)N[C@@H](CC(=O)O)C(=O)N[C@@H](Cc1ccccc1)C(=O)N[C@@H](CC(C)C)C(=O)O)c1ccccc1,,,,-0.030808495,0.1225296442687747
54,Neg39,A-X1-G-X45-R,CC(=O)N(C(=O)[C@H](C)N)[C@@H](Cc1ccccc1)C(=O)NCC(=O)N[C@@H](CCC(C)C)C(=O)N=C(N)NCCC[C@H](N)C(=O)O,,,,1.0032692,0.06324110671936758
55,Neg40,X900-E-L-P-K,CC(C)C[C@H](NC(=O)[C@H](CCC(=O)O)NC(=O)[C@H](N)Cc1csc2ccccc12)C(=O)N1CCC[C@H]1C(=O)NCCCC[C@H](N)C(=O)O,,,,0.022505023,0.17786561264822134
56,Neg41,S-T-X33-F-G,C[C@@H](O)[C@H](NC(=O)[C@@H](N)CO)C(=O)N[C@@H](Cc1ccc(F)cc1)C(=O)N[C@@H](Cc1ccccc1)C(=O)NCC(=O)O,,,,-0.020578412,0.17786561264822134
57,Neg42,X5500-A-X6-D,C[C@H](NC(=O)[C@H](Cc1ccccc1)NC(=O)c1cccc2c(F)cccc12)C(=O)N(C)[C@@H](Cc1ccccc1)C(=O)N[C@@H](CC(=O)O)C(=O)O,,,,-0.05150124,0.05138339920948617
58,Neg43,P-H-X1024-S-E,CCc1ccc(N(C(=O)[C@H](Cc2c[nH]cn2)NC(=O)[C@@H]2CCCN2)C(C(=O)N[C@@H](CO)C(=O)N[C@@H](CCC(=O)O)C(=O)O)c2cccnc2)cc1,,,,-0.02256413,0.15019762845849802
59,Neg44,K-X78-M-X901,CSCC[C@H](NC(=O)[C@H](CCSC)N(C(C)=O)C(=O)[C@@H](N)CCCCN)C(=O)Nc1ccccc1C(=O)N[C@@H](CC(=O)O)C(=O)O,,,,-0.013269128,0.019762845849802372
60,Neg45,X23-R-A-D-V,CC(C)[C@H](NC(=O)[C@H](CC(=O)O)NC(=O)[C@H](C)NC(=O)[C@H](CCCNC(=N)N)NC(=O)[C@@H](N)[C@@H](C)OP(=O)(O)O)C(=O)O,,,,0.03712795,0.15019762845849802
61,Neg46,F-X400-S-T-Y,C[C@@H](O)[C@H](NC(=O)[C@H](CO)NC(=O)[C@H](CCC(N)=O)NC(=O)CCCCCNC(=O)[C@@H](N)Cc1ccccc1)C(=O)N[C@@H](Cc1ccc(O)cc1)C(=O)O,,,,0.91459745,0.233201581027668
62,Neg47,E-L-X10-P-X85,CC(C)C[C@H](NC(=O)[C@@H](N)CCC(=O)O)C(=O)N(C)[C@H](C(=O)N1CCC[C@H]1C(=O)N[C@H](Cc1ccc(I)cc1)C(=O)O)C(C)C,,,,-0.040382016,0.13043478260869565
63,Neg48,X678-X999-G-A,CCCCCC(=O)N(C(=O)[C@@H](N)CCC(=O)OC1CCCCC1)[C@@H](CCCN=C(N)N)C(=O)NCC(=O)N[C@@H](C)C(=O)O,,,,0.19047092,0.0
64,Neg49,D-X301-W-X7-F,CC(=O)N(C(=O)[C@H](Cc1c[nH]c2ccccc12)NC(=O)C(C)(C)NC(=O)[C@@H](N)CC(=O)O)[C@@H](CC(C)C)C(=O)N[C@@H](Cc1ccccc1)C(=O)O,,,,-0.03771085,0.11857707509881422
65,Neg50,X12-A-K-E-X555,C[C@H](NC(=O)[C@@H]1CCC(=O)N1)C(=O)NCCCC[C@H](N)C(=O)N[C@@H](CCC(=O)O)C(=O)N(c1ccccc1)C(C(=O)O)c1cccnc1,,,,-0.0018224732,0.06719367588932806
66,Neg51,R-X45-D-F-L-P,CC(C)CC[C@H](NC(=O)[C@@H](N)CCCNC(=N)N)C(=O)N[C@@H](CC(=O)O)C(=O)N[C@@H](Cc1ccccc1)C(=O)N[C@@H](CC(C)C)C(=O)N1CCC[C@H]1C(=O)O,,,,0.32830307,0.2766798418972332
67,Neg52,G-X8-P-W-M-X2,CSCC[C@H](NC(=O)[C@H](Cc1c[nH]c2ccccc12)NC(=O)[C@@H]1CCCN1C(=O)[C@H](C)N(C)C(=O)CN)C(=O)N1Cc2ccccc2CC1C(=O)O,,,,0.0357982,0.1225296442687747
68,Neg53,X1000-S-T-H-E-R,C[C@@H](O)[C@H](NC(=O)[C@H](CO)NC(=O)[C@@H](N)Cc1cn(Cc2ccccc2)cn1)C(=O)N[C@@H](Cc1c[nH]cn1)C(=O)N[C@@H](CCC(=O)O)C(=O)N=C(N)NCCC[C@H](N)C(=O)O,,,,-0.020245833,0.18972332015810275
69,Neg54,H-X22-E-L-K-X450,CCCCCCCC(NC(=O)[C@@H](N)Cc1c[nH]cn1)C(=O)N[C@@H](CCC(=O)O)C(=O)N[C@@H](CC(C)C)C(=O)NCCCC[C@H](N)C(=O)N(C(=O)CC[C@H](NC(=O)CCCCCCCCCCCCCCCCC(=O)O)C(=O)O)[C@@H](C)C(=O)O,,,,0.22485387,0.13438735177865613
70,Neg55,X732-D-X15-A-S-G,C[C@H](NC(=O)[C@@H](NC(=O)[C@H](CC(=O)O)NC(=O)[C@H](CC(=O)O)NC(=O)CS)[C@H](C)O)C(=O)N[C@@H](CO)C(=O)NCC(=O)O,,,,-0.019882932,0.12648221343873517
71,Neg56,N-K-X909-P-E-T,CC(C)C(=O)N(C(=O)[C@H](CCCCN)NC(=O)[C@@H](N)CCC(N)=O)[C@H](C(=O)N1CCC[C@H]1C(=O)N[C@@H](CCC(=O)O)C(=O)N[C@H](C(=O)O)[C@@H](C)O)C(C)C,,,,-0.039589174,0.20553359683794467
72,Neg57,S-X5-F-R-X123-W,C=C[C@@H]1C[C@]1(NC(=O)[C@@H](N)CO)C(=O)N[C@@H](Cc1ccccc1)C(=O)N=C(N)NCCC[C@H](N)C(=O)N[C@@H](C(=O)N[C@@H](Cc1c[nH]c2ccccc12)C(=O)O)c1ccccc1,,,,0.9283584,0.09881422924901186
73,Neg58,X3300-A-X71-D-K-L,CC(C)C[C@H](NC(=O)[C@@H](N)CCCCNC(=O)[C@H](CC(=O)O)NC(=O)[C@@H](Cc1ccccc1)N(C)C(=O)[C@H](C)NC(=O)[C@H](Cc1ccc(Cl)cc1)NC(=O)Nc1ccc2c(CN3CCCC3)cn(Cc3c(Cl)cccc3Cl)c2c1)C(=O)O,,,,0.25337085,0.043478260869565216
74,Neg59,D-E-X120-V-X88-G,CC(C)[C@H](NC(=O)CN(C(=O)[C@H](CCC(=O)O)NC(=O)[C@@H](N)CC(=O)O)S(=O)(=O)c1cccc2c(N(C)C)cccc12)C(=O)NC(C(=O)NCC(=O)O)C(c1ccccc1)c1ccccc1,,,,-0.05629268,0.05533596837944664
75,Neg60,X4-G-X88-P-H-X700,CC(=O)NCC(=O)NCC(=O)NC(C(=O)N1CCC[C@H]1C(=O)N[C@@H](Cc1c[nH]cn1)C(=O)N(C(=O)CS)[C@@H](Cc1ccccc1)C(=O)O)C(c1ccccc1)c1ccccc1,,,,-0.032322664,0.11857707509881422
76,Neg61,L-X600-K-S-Y-F,CC(C)C[C@H](N)C(=O)N(c1ccc(F)cc1)C(C(=O)NCCCC[C@H](N)C(=O)N[C@@H](CO)C(=O)N[C@@H](Cc1ccc(O)cc1)C(=O)N[C@@H](Cc1ccccc1)C(=O)O)c1cccnc1,,,,0.924733,0.1067193675889328
77,Neg62,M-X256-D-F-L-P-A,CSCC[C@H](N)C(=O)NC(C(=O)N[C@@H](CC(=O)O)C(=O)N[C@@H](Cc1ccccc1)C(=O)N[C@@H](CC(C)C)C(=O)N1CCC[C@H]1C(=O)N[C@@H](C)C(=O)O)c1ccccc1,,,,-0.024742914,0.2015810276679842
78,Neg63,A-X1-G-X45-R-K-T-X19,CC(=O)N(C(=O)[C@H](C)N)[C@@H](Cc1ccccc1)C(=O)NCC(=O)N[C@@H](CCC(C)C)C(=O)N=C(N)NCCC[C@H](N)C(=O)N[C@@H](CCCCN)C(=O)N[C@H](C(=O)N(C(=O)OCc1ccccc1)[C@@H](CC(C)C)C(=O)O)[C@@H](C)O,,,,1.5959061,0.08695652173913043
79,Neg64,X900-E-L-P-K-S-D-X202,CC[C@H](C)[C@@H](C(=O)O)N(C(=O)C[C@H](N)[C@@H](N)Cc1ccccc1)C(=O)[C@H](CC(=O)O)NC(=O)[C@H](CO)NC(=O)[C@@H](N)CCCCNC(=O)[C@@H]1CCCN1C(=O)[C@H](CC(C)C)NC(=O)[C@H](CCC(=O)O)NC(=O)[C@H](N)Cc1csc2ccccc12,,,,0.032130674,0.1857707509881423
80,Neg65,S-T-X33-F-G-V-X5555,CC(C)[C@H](NC(=O)CNC(=O)[C@H](Cc1ccccc1)NC(=O)[C@H](Cc1ccc(F)cc1)NC(=O)[C@@H](NC(=O)[C@@H](N)CO)[C@@H](C)O)C(=O)N(C(=O)OCc1ccc([N+](=O)[O-])cc1)[C@@H](Cc1c[nH]cn1)C(=O)O,,,,-0.038395863,0.13438735177865613
81,Neg66,X5500-A-X6-D-M-P-X888,CSCC[C@H](NC(=O)[C@H](CC(=O)O)NC(=O)[C@H](Cc1ccccc1)N(C)C(=O)[C@H](C)NC(=O)[C@H](Cc1ccccc1)NC(=O)c1cccc2c(F)cccc12)C(=O)N1CCC[C@H]1C(=O)N[C@@H](Cc1cc(F)cc(F)c1)C(=O)O,,,,-0.041005205,0.08300395256916997
82,Neg67,P-H-X1024-S-E-Y-G-R,CCc1ccc(N(C(=O)[C@H](Cc2c[nH]cn2)NC(=O)[C@@H]2CCCN2)C(C(=O)N[C@@H](CO)C(=O)N[C@@H](CCC(=O)O)C(=O)N[C@@H](Cc2ccc(O)cc2)C(=O)NCC(=O)N=C(N)NCCC[C@H](N)C(=O)O)c2cccnc2)cc1,,,,0.017076546,0.18181818181818182
83,Neg68,K-X78-M-X901-E-L-P-X36,CSCC[C@H](NC(=O)[C@H](CCSC)N(C(C)=O)C(=O)[C@@H](N)CCCCN)C(=O)Nc1ccccc1C(=O)N[C@@H](CC(=O)O)C(=O)N[C@@H](CCC(=O)O)C(=O)N[C@@H](CC(C)C)C(=O)N1CCC[C@H]1C(=O)N(C(C)=O)[C@@H](Cc1c[nH]cn1)C(=O)O,,,,-0.01273164,0.1383399209486166
84,Neg69,X23-R-A-D-V-K-X99-S,CC(C)[C@H](NC(=O)[C@H](CC(=O)O)NC(=O)[C@H](C)NC(=O)[C@H](CCCNC(=N)N)NC(=O)[C@@H](N)[C@@H](C)OP(=O)(O)O)C(=O)NCCCC[C@H](N)C(=O)N[C@H](CCCc1ccccc1)C(=O)N[C@@H](CO)C(=O)O,,,,0.77716035,0.17786561264822134
85,Neg70,F-X400-S-T-Y-W-X3-P,C[C@@H](O)[C@H](NC(=O)[C@H](CO)NC(=O)[C@H](CCC(N)=O)NC(=O)CCCCCNC(=O)[C@@H](N)Cc1ccccc1)C(=O)N[C@@H](Cc1ccc(O)cc1)C(=O)N[C@@H](Cc1c[nH]c2ccccc12)C(=O)N(C)CC(=O)N1CCC[C@H]1C(=O)O,,,,1.04781,0.30434782608695654
86,Neg71,E-L-X10-P-X85-G-K-X760,CCCCCCCCCCCCCC(=O)NCCCC[C@H](NC(=O)[C@@H](N)CCCCNC(=O)CNC(=O)[C@@H](Cc1ccc(I)cc1)NC(=O)[C@@H]1CCCN1C(=O)[C@H](C(C)C)N(C)C(=O)[C@H](CC(C)C)NC(=O)[C@@H](N)CCC(=O)O)C(=O)O,,,,1.4322529,0.1541501976284585
87,Neg72,X678-X999-G-A-X20-D-Y,CCCCCC(=O)N(C(=O)[C@@H](N)CCC(=O)OC1CCCCC1)[C@@H](CCCN=C(N)N)C(=O)NCC(=O)N[C@@H](C)C(=O)NCCCC[C@@H](N)C(=O)N[C@@H](CC(=O)O)C(=O)N[C@@H](Cc1ccc(O)cc1)C(=O)O,,,,0.27404085,0.07509881422924901
88,Neg73,D-X301-W-X7-F-X80-A-H,CC(=O)N(C(=O)[C@H](Cc1c[nH]c2ccccc12)NC(=O)C(C)(C)NC(=O)[C@@H](N)CC(=O)O)[C@@H](CC(C)C)C(=O)N[C@@H](Cc1ccccc1)C(=O)NCCCC[C@H](NC(=O)c1cc(O)ccc1O)C(=O)N[C@@H](C)C(=O)N[C@@H](Cc1c[nH]cn1)C(=O)O,,,,0.0037654846,0.18181818181818182
89,Neg74,X12-A-K-E-X555-R-S-M-F,CSCC[C@H](NC(=O)[C@H](CO)NC(=O)[C@@H](N)CCCNC(N)=NC(=O)C(c1cccnc1)N(C(=O)[C@H](CCC(=O)O)NC(=O)[C@@H](N)CCCCNC(=O)[C@H](C)NC(=O)[C@@H]1CCC(=O)N1)c1ccccc1)C(=O)N[C@@H](Cc1ccccc1)C(=O)O,,,,0.3500974,0.07114624505928854
90,Neg75,R-X45-D-F-L-P-X22-T-Y-G,CCCCCCCC(NC(=O)[C@@H]1CCCN1C(=O)[C@H](CC(C)C)NC(=O)[C@H](Cc1ccccc1)NC(=O)[C@H](CC(=O)O)NC(=O)[C@H](CCC(C)C)NC(=O)[C@@H](N)CCCNC(=N)N)C(=O)N[C@H](C(=O)N[C@@H](Cc1ccc(O)cc1)C(=O)NCC(=O)O)[C@@H](C)O,,,,1.5243803,0.31620553359683795
91,Neg76,G-X8-P-W-M-X2-S-X450-H-V,CSCC[C@H](NC(=O)[C@H](Cc1c[nH]c2ccccc12)NC(=O)[C@@H]1CCCN1C(=O)[C@H](C)N(C)C(=O)CN)C(=O)N1Cc2ccccc2CC1C(=O)N[C@@H](CO)C(=O)N(C(=O)CC[C@H](NC(=O)CCCCCCCCCCCCCCCCC(=O)O)C(=O)N[C@@H](Cc1c[nH]cn1)C(=O)O)[C@@H](C)C(=O)N[C@H](C(=O)O)C(C)C,,,,0.17964396,0.1857707509881423
92,Neg77,X1000-S-T-H-E-R-X111-A-K-P,C[C@H](NC(=O)C1C=CCN1C(=O)[C@@H](N)CCCNC(N)=NC(=O)[C@H](CCC(=O)O)NC(=O)[C@H](Cc1c[nH]cn1)NC(=O)[C@@H](NC(=O)[C@H](CO)NC(=O)[C@@H](N)Cc1cn(Cc2ccccc2)cn1)[C@@H](C)O)C(=O)NCCCC[C@H](N)C(=O)N1CCC[C@H]1C(=O)O,,,,0.07865036,0.23715415019762845
93,Neg78,H-X22-E-L-K-X450-F-D-X9-W-S,CCCCCCCC(NC(=O)[C@@H](N)Cc1c[nH]cn1)C(=O)N[C@@H](CCC(=O)O)C(=O)N[C@@H](CC(C)C)C(=O)NCCCC[C@H](N)C(=O)N(C(=O)CC[C@H](NC(=O)CCCCCCCCCCCCCCCCC(=O)O)C(=O)N[C@@H](Cc1ccccc1)C(=O)N(C(C)=O)[C@@H](CS)C(=O)N[C@@H](CO)C(=O)O)[C@@H](C)C(=O)N[C@@H](CC(=O)O)C(=O)N[C@@H](Cc1c[nH]c2ccccc12)C(=O)O,,,,0.15377128,0.19367588932806323
94,Neg79,X732-D-X15-A-S-G-L-P-X8888-K,CC(C)C[C@H](NC(=O)CNC(=O)[C@H](CO)NC(=O)[C@H](C)NC(=O)[C@@H](NC(=O)[C@H](CC(=O)O)NC(=O)[C@H](CC(=O)O)NC(=O)CS)[C@H](C)O)C(=O)N1CCC[C@H]1C(=O)N(C(=O)[C@@H]1CNC[C@H]1Cc1ccccc1)[C@@H](CC(C)C)C(=O)NCCCC[C@H](N)C(=O)O,,,,-0.003982559,0.16996047430830039
95,Neg80,N-K-X909-P-E-T-X77-S-V-L-A,CC[C@H](NC(=O)[C@@H](NC(=O)[C@H](CCC(=O)O)NC(=O)[C@@H]1CCCN1C(=O)[C@H](C(C)C)N(C(=O)C(C)C)C(=O)[C@H](CCCCN)NC(=O)[C@@H](N)CCC(N)=O)[C@@H](C)O)C(=O)N[C@@H](CO)C(=O)N[C@H](C(=O)N[C@@H](CC(C)C)C(=O)N[C@@H](C)C(=O)O)C(C)C,,,,-0.02516439,0.2648221343873518
96,Neg81,S-X5-F-R-X123-W-G-X606-H-D-E,C=C[C@@H]1C[C@]1(NC(=O)[C@@H](N)CO)C(=O)N[C@@H](Cc1ccccc1)C(=O)N=C(N)NCCC[C@H](N)C(=O)N[C@@H](C(=O)N[C@@H](Cc1c[nH]c2ccccc12)C(=O)NCC(=O)N(C(=O)OC(C)(C)C)C(CC(C)C)C(=O)N[C@@H](Cc1c[nH]cn1)C(=O)N[C@@H](CC(=O)O)C(=O)N[C@@H](CCC(=O)O)C(=O)O)c1ccccc1,,,,-0.0013785714,0.1422924901185771
97,Neg82,X3300-A-X71-D-K-L-P-X404-T-Y-F,CC(C)C[C@H](NC(=O)[C@@H](N)CCCCNC(=O)[C@H](CC(=O)O)NC(=O)[C@@H](Cc1ccccc1)N(C)C(=O)[C@H](C)NC(=O)[C@H](Cc1ccc(Cl)cc1)NC(=O)Nc1ccc2c(CN3CCCC3)cn(Cc3c(Cl)cccc3Cl)c2c1)C(=O)N1CCC[C@H]1C(=O)N(C(=O)OCc1ccccc1)[C@@H](CCC(=O)O)C(=O)N[C@H](C(=O)N[C@@H](Cc1ccc(O)cc1)C(=O)N[C@@H](Cc1ccccc1)C(=O)O)[C@@H](C)O,,,,0.047962863,0.07509881422924901
98,Neg83,D-E-X120-V-X88-G-S-X7000-M-R-A,CSCC[C@H](NC(=O)[C@H](Cc1ccccc1)NC(=O)c1ccc(CNC(=O)[C@H](CO)NC(=O)CNC(=O)C(NC(=O)[C@@H](NC(=O)CN(C(=O)[C@H](CCC(=O)O)NC(=O)[C@@H](N)CC(=O)O)S(=O)(=O)c2cccc3c(N(C)C)cccc23)C(C)C)C(c2ccccc2)c2ccccc2)cc1)C(=O)N=C(N)NCCC[C@H](N)C(=O)N[C@@H](C)C(=O)O,,,,0.0029628298,0.05533596837944664
99,Neg84,X4-G-X88-P-H-X700-K-L-X50-E-D-S,CC(=O)NCC(=O)NCC(=O)NC(C(=O)N1CCC[C@H]1C(=O)N[C@@H](Cc1c[nH]cn1)C(=O)N(C(=O)CS)[C@@H](Cc1ccccc1)C(=O)NCCCC[C@H](N)C(=O)N[C@@H](CC(C)C)C(=O)N[C@H](CO)C(=O)N[C@@H](CCC(=O)O)C(=O)N[C@@H](CC(=O)O)C(=O)N[C@@H](CO)C(=O)O)C(c1ccccc1)c1ccccc1,,,,0.007222455,0.22924901185770752
100,Neg85,L-X600-K-S-Y-F-X101-T-P-X25-M-G,COc1ccc([C@H](NC(=O)[C@@H]2CCCN2C(=O)[C@@H](NC(=O)[C@H](NCc2ccccc2)[C@H](O)[C@H](Cc2ccccc2)NC(=O)[C@H](Cc2ccccc2)NC(=O)[C@H](Cc2ccc(O)cc2)NC(=O)[C@H](CO)NC(=O)[C@@H](N)CCCCNC(=O)C(c2cccnc2)N(C(=O)[C@@H](N)CC(C)C)c2ccc(F)cc2)[C@@H](C)O)C(=O)N[C@@H](CCSC)C(=O)NCC(=O)O)cc1,,,,0.7990119,0.07905138339920949
101,Neg86,X729-X490-X1627-X5569-X1287-X394,COc1ccc(C(=O)N(NCC(=O)N(C[C@@H](Cc2ccc3ccccc3c2)NC(=O)C2CCNCC2)[C@H](Cc2ccc3ccccc3c2)C(=O)N(C(=O)C[C@@H](N)Cc2c[nH]c3ccccc23)[C@@H](CC(C)C)C(=O)N(C(=O)OC(C)(C)C)[C@@H](CC(=O)O)C(=O)O)C(=O)[C@H](NC(=O)c2ccc(-c3cccc(CNC(=O)[C@H](Cc4ccc(O)cc4)NC(=O)CCC(=O)O)c3)o2)C2CCCCC2)cc1,,,,-0.06943321,-0.1541501976284585
102,modify1,R-G-D-X5295-V,Cc1ccccc1N(C(=O)Nc1ccc(CC(=O)N[C@@H](CCCCNC(=O)CCCCCN)C(=O)N[C@H](C(=O)O)C(C)C)cc1)C(=O)[C@H](CC(=O)O)NC(=O)CNC(=O)[C@@H](N)CCCNC(=N)N,,,,1.5663558,0.13438735177865613
103,modify2,R-G-D-X7088-V,CC(C)[C@H](NC(=O)[C@H](CCCCNC(=O)C[C@H](Sc1ccc(Cl)c(Cl)c1)C(=O)O)NC(=O)[C@H](CC(=O)O)NC(=O)CNC(=O)[C@@H](N)CCCNC(=N)N)C(=O)O,,,,0.55011344,0.1422924901185771
104,modify3,R-G-D-X7921-K,N=C(N)NCCC[C@H](N)C(=O)NCC(=O)N[C@@H](CC(=O)O)C(=O)NC(=O)C[C@H](Nc1ccc2c(c1)C(=O)OC21c2ccc(O)cc2Oc2cc(O)ccc21)C(=O)N[C@@H](CCCCN)C(=O)O,,,,1.0260808,0.09090909090909091
105,modify4,F-X9244-G-D-S-Q-I-Q-T-R-R-S,CC[C@H](C)[C@H](NC(=O)[C@@H](N)CC(=O)NC(=O)[C@H](CO)NC(=O)[C@H](CC(=O)O)NC(=O)CNC(=O)[C@@H](N(C(=O)COCCOCCOCCOCCOCCNC(=O)Cc1cccc(OCCCN(Cc2cccc(C(F)(F)F)c2Cl)CC(c2ccccc2)c2ccccc2)c1)C(=O)[C@@H](N)Cc1ccccc1)C(C)(C)C)C(=O)NC(=O)C[C@H](N)C(=O)N[C@H](C(=O)N=C(N)NCCC[C@H](N)C(=O)N[C@@H](CCCNC(=N)N)C(=O)N[C@@H](CO)C(=O)O)[C@@H](C)O,,,,2.2445192,-0.015810276679841896
106,modify5,F-R-X6896-D-S-Q-I-Q-T-R-R-S,CC[C@H](C)[C@H](NC(=O)[C@@H](N)CC(=O)NC(=O)[C@H](CO)NC(=O)[C@H](CC(=O)O)NC(=O)[C@@H]1C[C@@H](Oc2cc(-c3ccccc3)nc3cc(F)ccc23)CN1C(=O)[C@H](CCCNC(=N)N)NC(=O)[C@@H](N)Cc1ccccc1)C(=O)NC(=O)C[C@H](N)C(=O)N[C@H](C(=O)N=C(N)NCCC[C@H](N)C(=O)N[C@@H](CCCNC(=N)N)C(=O)N[C@@H](CO)C(=O)O)[C@@H](C)O,,,,2.0985444,0.15019762845849802
107,modify6,F-R-G-X8006-S-Q-I-Q-T-R-R-S,CC[C@H](C)[C@H](NC(=O)[C@@H](N)CC(=O)NC(=O)[C@H](CO)NC(=O)[C@H](Cc1ccc(S(N)(=O)=O)cc1)NC(=O)CNC(=O)[C@H](CCCNC(=N)N)NC(=O)[C@@H](N)Cc1ccccc1)C(=O)NC(=O)C[C@H](N)C(=O)N[C@H](C(=O)N=C(N)NCCC[C@H](N)C(=O)N[C@@H](CCCNC(=N)N)C(=O)N[C@@H](CO)C(=O)O)[C@@H](C)O,,,,1.9979979,0.2134387351778656
108,modify7,R-G-D-X5295-C,Cc1ccccc1N(C(=O)Nc1ccc(CC(=O)N[C@@H](CCCCNC(=O)CCCCCN)C(=O)N[C@@H](CS)C(=O)O)cc1)C(=O)[C@H](CC(=O)O)NC(=O)CNC(=O)[C@@H](N)CCCNC(=N)N,,,,1.4972621,0.07509881422924901
109,modify8,X10031-H-S-C-N,CCCCCCCCCCCCCC(=O)N[C@H](CSCC(COC(=O)CCCCC)OC(=O)CCCCC)C(=O)N[C@@H](Cc1c[nH]cn1)C(=O)N[C@@H](CO)C(=O)N[C@@H](CS)C(=O)NC(=O)CC[C@H](N)C(=O)O,,,,0.9127901,0.019762845849802372
110,modify9,R-W-X501-D-G,N=C(N)NCCC[C@H](N)C(=O)N[C@@H](Cc1c[nH]c2ccccc12)C(=O)N=C(N)NCCC[C@@H](N)C(=O)N[C@@H](CC(=O)O)C(=O)NCC(=O)O,,,,1.3977162,0.1857707509881423
111,modify10,R-W-X5560-N-M,CSCC[C@H](NC(=O)[C@@H](N)CCC(=O)NC(=O)[C@@H](c1ccccc1)N(C(=O)C1CC1)C(=O)[C@H](Cc1c[nH]c2ccccc12)NC(=O)[C@@H](N)CCCNC(=N)N)C(=O)O,,,,0.90761286,0.13043478260869565
112,modify11,X166-R-G-X2591,CC[C@@H](C)[C@@H](N)C(=O)N[C@@H](CCCNC(=N)N)C(=O)NCC(=O)NCCCC[C@H](NC(=O)C(F)(F)c1cccc(Cl)c1)C(=O)O,,,,1.65853,0.07509881422924901
113,modify12,R-W-X1792-N-K,CCCCCCCCCCCCCCCCCC(=O)N(C(=O)[C@H](Cc1c[nH]c2ccccc12)NC(=O)[C@@H](N)CCCNC(=N)N)C(CCCN)C(=O)NC(=O)CC[C@H](N)C(=O)N[C@@H](CCCCN)C(=O)O,,,,1.2344433,0.16205533596837945
114,modify13,G-R-G-X2361-T-P,CC(=O)N(C(=O)CNC(=O)[C@H](CCCNC(=N)N)NC(=O)CN)[C@@H](CCc1nc2ccccc2s1)C(=O)N[C@H](C(=O)N1CCC[C@H]1C(=O)O)[C@@H](C)O,,,,1.4839724,0.15019762845849802
115,modify14,G-R-G-D-T-P,C[C@@H](O)[C@H](NC(=O)[C@H](CC(=O)O)NC(=O)CNC(=O)[C@H](CCCNC(=N)N)NC(=O)CN)C(=O)N1CCC[C@H]1C(=O)O,,,,0.05166504,0.26877470355731226
116,modify15,X113-G-R-G-D-X1800-X9144-X113,CC(C)(C(=O)O)N(CC(=O)N[C@H](CS)C(=O)O)C(=O)[C@@H](CC(=O)O)NC(=O)[C@H](CC(=O)O)NC(=O)CNC(=O)[C@@H](N)CCCNC(N)=NC(=O)CNC(=O)[C@H](N)CS,,,,-0.0031864063,0.019762845849802372
117,modify16,X113-G-R-G-D-X1800-X557-X113,NC(=NC(=O)CNC(=O)[C@H](N)CS)NCCC[C@H](N)C(=O)NCC(=O)N[C@@H](CC(=O)O)C(=O)N[C@H](CC(=O)O)C(=O)N[C@H](CCC(=O)NCCNc1ncnc2c1ncn2[C@@H]1O[C@H](CO)[C@@H](O)[C@H]1O)C(=O)N[C@H](CS)C(=O)O,,,,0.019972395,-0.04743083003952569
118,modify17,X113-G-R-G-D-X1800-X2807-X113,NC(=NC(=O)CNC(=O)[C@H](N)CS)NCCC[C@H](N)C(=O)NCC(=O)N[C@@H](CC(=O)O)C(=O)N[C@H](CC(=O)O)C(=O)NC(CCC(=O)NCCCCNc1c2ccccc2nc2cccc([N+](=O)[O-])c12)C(=O)N[C@H](CS)C(=O)O,,,,0.10193765,-0.023715415019762844
119,modify18,X113-G-X5327-G-D-X1800-X523-X113,Cc1cccc(C(C(=O)NCC(=O)N[C@@H](CC(=O)O)C(=O)N[C@H](CC(=O)O)C(=O)NC(C(=O)N[C@H](CS)C(=O)O)C(C)C)N(C(=O)CNC(=O)[C@H](N)CS)C2CCCC2)c1,,,,-0.030865988,0.007905138339920948
120,meg1,R-G-D-X2843-V,Cc1ccc(N(C(=O)[C@H](CC(=O)O)NC(=O)CNC(=O)[C@@H](N)CCCNC(=N)N)C(C(=O)N[C@H](C(=O)O)C(C)C)c2cccc(C(F)(F)F)c2)cc1F,,,,0.269249,0.07114624505928854
121,meg2,R-G-D-X3975-V,Cc1nc(CCC(=O)N(CCOc2ccc(OCC(=O)N[C@H](C(=O)N[C@H](C(=O)O)C(C)C)C(C)(C)C)cc2)C(=O)[C@H](CC(=O)O)NC(=O)CNC(=O)[C@@H](N)CCCNC(=N)N)ccc1-c1cnc(NCc2c(F)ccc3c2CCO3)n2cnnc12,,,,0.74263,-0.09881422924901186
122,meg3,R-G-D-X4279-K,Cc1nccn1CCCCc1ccc([C@H](C)C(=O)N(C(=O)[C@H](CC(=O)O)NC(=O)CNC(=O)[C@@H](N)CCCNC(=N)N)[C@@H](CO)C(=O)NCCCC[C@H](N)C(=O)O)cc1,,,,1.6803097,0.06324110671936758
123,meg4,R-G-D-X7313-K,C=Cc1cc(Oc2ccc([C@H](NC(=O)[C@H](CC(=O)O)NC(=O)CNC(=O)[C@@H](N)CCCNC(=N)N)C(=O)NCCCC[C@H](N)C(=O)O)cc2)nc(-c2ccccc2)n1,,,,1.6443231,0.05533596837944664
124,meg5,R-W-X3252,N=C(N)NCCC[C@H](N)C(=O)N[C@@H](Cc1c[nH]c2ccccc12)C(=O)N(CC(=O)O)Cc1ccc(-c2ccc(Cl)cc2)cc1,,,,1.5901937,0.13043478260869565
125,meg6,F-X5791-G-D-S-Q-I-Q-T-R-R-S,CC[C@H](C)[C@H](NC(=O)[C@@H](N)CC(=O)NC(=O)[C@H](CO)NC(=O)[C@H](CC(=O)O)NC(=O)CNC(=O)[C@H](CCC(=O)O)N(C(=O)CCc1ccc(-c2ncccn2)cc1)C(=O)[C@@H](N)Cc1ccccc1)C(=O)NC(=O)C[C@H](N)C(=O)N[C@H](C(=O)N=C(N)NCCC[C@H](N)C(=O)N[C@@H](CCCNC(=N)N)C(=O)N[C@@H](CO)C(=O)O)[C@@H](C)O,,,,0.1524315,0.16600790513833993
126,meg7,F-R-X768-D-S-Q-I-Q-T-R-R-S,CCC(=O)N(C(=O)[C@H](CCCNC(=N)N)NC(=O)[C@@H](N)Cc1ccccc1)[C@@H](CCCCNC(=O)CCO[C@@H](C(=O)O[C@H]1C[C@@]2(O)[C@@H](OC(=O)c3ccccc3)[C@@H]3[C@]4(OC(C)=O)CO[C@@H]4C[C@H](O)[C@@]3(C)C(=O)C(OC(C)=O)=C(C1C)C2(C)C)[C@@H](NC(=O)c1ccccc1)c1ccccc1)C(=O)N[C@@H](CC(=O)O)C(=O)N[C@@H](CO)C(=O)NC(=O)C[C@H](N)C(=O)N[C@H](C(=O)NC(=O)C[C@H](N)C(=O)N[C@H](C(=O)N=C(N)NCCC[C@H](N)C(=O)N[C@@H](CCCNC(=N)N)C(=O)N[C@@H](CO)C(=O)O)[C@@H](C)O)[C@@H](C)CC,,,,2.1567616,-0.12648221343873517
127,meg8,F-R-G-X11183-S-Q-I-Q-T-R-R-S,CC[C@H](C)[C@H](NC(=O)[C@@H](N)CC(=O)NC(=O)[C@H](CO)NC(=O)[C@@H](N(C(=O)CCOCCOCCOCCOCCOc1cc(-c2cn3c(n2)CCC3)ccc1CNC(=O)Cc1ccc(Cl)c(Cl)c1)C(=O)CNC(=O)[C@H](CCCNC(=N)N)NC(=O)[C@@H](N)Cc1ccccc1)C(C)(C)C)C(=O)NC(=O)C[C@H](N)C(=O)N[C@H](C(=O)N=C(N)NCCC[C@H](N)C(=O)N[C@@H](CCCNC(=N)N)C(=O)N[C@@H](CO)C(=O)O)[C@@H](C)O,,,,2.2790365,0.011857707509881422
128,meg9,R-W-X824-N-M,CSCC[C@H](NC(=O)[C@@H](N)CCC(=O)NC(=O)C(c1ccc(C)cc1)N(CC1CCCO1)C(=O)[C@H](Cc1c[nH]c2ccccc12)NC(=O)[C@@H](N)CCCNC(=N)N)C(=O)O,,,,1.4444498,0.09090909090909091
129,meg10,X2883-R-G-D,CCC(Nc1ccccc1F)C(=O)N[C@@H](CCCNC(=N)N)C(=O)NCC(=O)N[C@@H](CC(=O)O)C(=O)O,,,,0.20987011,0.1383399209486166
130,meg11,R-W-X824-N-K,Cc1ccc(C(C(=O)NC(=O)CC[C@H](N)C(=O)N[C@@H](CCCCN)C(=O)O)N(CC2CCCO2)C(=O)[C@H](Cc2c[nH]c3ccccc23)NC(=O)[C@@H](N)CCCNC(=N)N)cc1,,,,1.602915,0.1422924901185771
131,meg12,G-R-G-X8734-T-P,CC[C@@H](C)[C@H](C(=O)N[C@H](C(=O)N1CCC[C@H]1C(=O)O)[C@@H](C)O)N(C(=O)CNC(=O)[C@H](CCCNC(=N)N)NC(=O)CN)S(=O)(=O)C1=CCC(C)(Cl)C=C1C,,,,1.0445502,0.1225296442687747
132,meg13,R-G-D-K-X4954-L-P-E-T,CC(C)C[C@H](NC(=O)[C@@H](NC(=O)[C@@H](N)CCCCNC(=O)[C@H](CC(=O)O)NC(=O)CNC(=O)[C@@H](N)CCCNC(=N)N)[C@H](C)[C@H](O)c1cc(=O)cc[nH]1)C(=O)N1CCC[C@H]1C(=O)N[C@@H](CCC(=O)O)C(=O)N[C@H](C(=O)O)[C@@H](C)O,,,,0.07276416,0.28063241106719367
133,meg14,X113-G-R-G-D-X1800-X8225-X113,NC(=NC(=O)CNC(=O)[C@H](N)CS)NCCC[C@H](N)C(=O)NCC(=O)N[C@@H](CC(=O)O)C(=O)N[C@H](CC(=O)O)C(=O)N[C@@H](Cc1cn(Cc2ccccc2)c(Br)n1)C(=O)N[C@H](CS)C(=O)O,,,,0.025191821,0.07114624505928854
134,meg15,X113-G-R-G-D-X1800-X648-X113,NC(=NC(=O)CNC(=O)[C@H](N)CS)NCCC[C@H](N)C(=O)NCC(=O)N[C@@H](CC(=O)O)C(=O)N[C@H](CC(=O)O)C(=O)N=C(N)N[C@@H](C(=O)N[C@H](CS)C(=O)O)C1CCCCC1,,,,0.027525162,0.039525691699604744
135,meg16,X113-G-R-G-D-X1800-X8537-X113,CC(C)C[C@@H]([C@@H](O)C[C@H](C(=O)N[C@@H](C)C(=O)N[C@H](CS)C(=O)O)C(C)C)N(C(=O)C(O)c1cccc2ccccc12)C(=O)[C@@H](CC(=O)O)NC(=O)[C@H](CC(=O)O)NC(=O)CNC(=O)[C@@H](N)CCCNC(N)=NC(=O)CNC(=O)[C@H](N)CS,,,,-0.01787101,0.043478260869565216
136,meg17,X113-G-X393-G-D-X1800-X523-X113,CC(C)C(NC(=O)[C@@H](CC(=O)O)NC(=O)[C@H](CC(=O)O)NC(=O)CNC(=O)C(CCc1ccccc1)NC(=O)CNC(=O)[C@H](N)CS)C(=O)N[C@H](CS)C(=O)O,,,,-0.019500867,0.07114624505928854
137,meg18,G-G-R-G-D-K-X4954,C[C@@H]([C@H](NC(=O)[C@@H](N)CCCCNC(=O)[C@H](CC(=O)O)NC(=O)CNC(=O)[C@@H](N)CCCNC(N)=NC(=O)CNC(=O)CN)C(=O)O)[C@H](O)c1cc(=O)cc[nH]1,,,,0.49644002,0.11067193675889328
